<?xml version="1.0" encoding="UTF-8"?>
<dataroot xmlns:od="urn:schemas-microsoft-com:officedata" xmlns:xsi="http://www.w3.org/2001/XMLSchema-instance"  xsi:noNamespaceSchemaLocation="Charts.xsd" generated="2022-12-19T11:09:55">
<Charts>
<ChartID>1</ChartID>
<CreatorID>1</CreatorID>
<SongName>Miracle</SongName>
<SongArtist>Caravan Palace</SongArtist>
<Length>0325</Length>
<Difficulty>Easy</Difficulty>
<Genre>Electro swing</Genre>
<Medium>Album</Medium>
<DateUploaded>2022-10-12T00:00:00</DateUploaded>
<DateUpdated>2022-10-15T00:00:00</DateUpdated>
</Charts>
<Charts>
<ChartID>2</ChartID>
<CreatorID>3</CreatorID>
<SongName>Scenes from an Italian Restaurant</SongName>
<SongArtist>Billy Joel</SongArtist>
<Length>0729</Length>
<Difficulty>Hard</Difficulty>
<Genre>Jazz</Genre>
<Medium>Album</Medium>
<DateUploaded>2022-01-01T00:00:00</DateUploaded>
<DateUpdated>2022-01-01T00:00:00</DateUpdated>
</Charts>
<Charts>
<ChartID>3</ChartID>
<CreatorID>2</CreatorID>
<SongName>The Less I Know the Better</SongName>
<SongArtist>Tame Impala</SongArtist>
<Length>0336</Length>
<Difficulty>Normal</Difficulty>
<Genre>Pop</Genre>
<Medium>Album</Medium>
<DateUploaded>2022-11-03T00:00:00</DateUploaded>
<DateUpdated>2022-11-03T00:00:00</DateUpdated>
</Charts>
<Charts>
<ChartID>4</ChartID>
<CreatorID>5</CreatorID>
<SongName>Bonus (Super Mario World)</SongName>
<SongArtist>Koji Kondo</SongArtist>
<Length>0047</Length>
<Difficulty>Hard</Difficulty>
<Genre>Chiptune</Genre>
<Medium>Video Game</Medium>
<DateUploaded>2018-04-24T00:00:00</DateUploaded>
<DateUpdated>2018-04-24T00:00:00</DateUpdated>
</Charts>
<Charts>
<ChartID>5</ChartID>
<CreatorID>4</CreatorID>
<SongName>Bad Apple!</SongName>
<SongArtist>ZUN</SongArtist>
<Length>0144</Length>
<Difficulty>Easy</Difficulty>
<Genre>Chiptune</Genre>
<Medium>Video Game</Medium>
<DateUploaded>2017-01-14T00:00:00</DateUploaded>
<DateUpdated>2019-02-12T00:00:00</DateUpdated>
</Charts>
<Charts>
<ChartID>6</ChartID>
<CreatorID>5</CreatorID>
<SongName>Now or Never</SongName>
<SongArtist>Yuzo Koshiro</SongArtist>
<Length>0105</Length>
<Difficulty>Normal</Difficulty>
<Genre>Rock</Genre>
<Medium>Video Game</Medium>
<DateUploaded>2019-04-02T00:00:00</DateUploaded>
<DateUpdated>2019-04-02T00:00:00</DateUpdated>
</Charts>
<Charts>
<ChartID>7</ChartID>
<CreatorID>6</CreatorID>
<SongName>Mixed Nuts</SongName>
<SongArtist>HIGE Dandism</SongArtist>
<Length>0402</Length>
<Difficulty>Normal</Difficulty>
<Genre>Jazz</Genre>
<Medium>Anime</Medium>
<DateUploaded>2022-09-06T00:00:00</DateUploaded>
<DateUpdated>2022-09-07T00:00:00</DateUpdated>
</Charts>
<Charts>
<ChartID>8</ChartID>
<CreatorID>7</CreatorID>
<SongName>Jimmy Neutron Opening</SongName>
<SongArtist>Bowling for Soup</SongArtist>
<Length>0200</Length>
<Difficulty>Hard</Difficulty>
<Genre>Rock</Genre>
<Medium>TV</Medium>
<DateUploaded>2018-08-08T00:00:00</DateUploaded>
<DateUpdated>2018-08-08T00:00:00</DateUpdated>
</Charts>
<Charts>
<ChartID>9</ChartID>
<CreatorID>8</CreatorID>
<SongName>Roku Chou Nen to Ichiya Monogatari</SongName>
<SongArtist>kemu</SongArtist>
<Length>0341</Length>
<Difficulty>Hard</Difficulty>
<Genre>Pop</Genre>
<Medium>Vocaloid</Medium>
<DateUploaded>2019-10-10T00:00:00</DateUploaded>
<DateUpdated>2019-10-10T00:00:00</DateUpdated>
</Charts>
<Charts>
<ChartID>10</ChartID>
<CreatorID>4</CreatorID>
<SongName>Ievan Polkka</SongName>
<SongArtist>Otomania</SongArtist>
<Length>0243</Length>
<Difficulty>Easy</Difficulty>
<Genre>Pop</Genre>
<Medium>Vocaloid</Medium>
<DateUploaded>2021-12-12T00:00:00</DateUploaded>
<DateUpdated>2021-12-12T00:00:00</DateUpdated>
</Charts>
<Charts>
<ChartID>11</ChartID>
<CreatorID>9</CreatorID>
<SongName>The Mind Electric</SongName>
<SongArtist>ミラクルミュウジカル</SongArtist>
<Length>0502</Length>
<Difficulty>Normal</Difficulty>
<Genre>Metal</Genre>
<Medium>Album</Medium>
<DateUploaded>2022-01-01T00:00:00</DateUploaded>
<DateUpdated>2022-01-01T00:00:00</DateUpdated>
</Charts>
<Charts>
<ChartID>12</ChartID>
<CreatorID>10</CreatorID>
<SongName>Fool for Love</SongName>
<SongArtist>Lord Huron</SongArtist>
<Length>0233</Length>
<Difficulty>Normal</Difficulty>
<Genre>Country</Genre>
<Medium>Album</Medium>
<DateUploaded>2022-03-03T00:00:00</DateUploaded>
<DateUpdated>2022-03-03T00:00:00</DateUpdated>
</Charts>
<Charts>
<ChartID>13</ChartID>
<CreatorID>10</CreatorID>
<SongName>Octopus&apos;s Garden</SongName>
<SongArtist>Ringo Starr</SongArtist>
<Length>0133</Length>
<Difficulty>Normal</Difficulty>
<Genre>Country</Genre>
<Medium>Album</Medium>
<DateUploaded>2017-07-07T00:00:00</DateUploaded>
<DateUpdated>2017-07-07T00:00:00</DateUpdated>
</Charts>
<Charts>
<ChartID>14</ChartID>
<CreatorID>10</CreatorID>
<SongName>Give Peace a Chance</SongName>
<SongArtist>John Lennon</SongArtist>
<Length>0333</Length>
<Difficulty>Easy</Difficulty>
<Genre>Blues</Genre>
<Medium>Album</Medium>
<DateUploaded>2018-08-08T00:00:00</DateUploaded>
<DateUpdated>2018-08-08T00:00:00</DateUpdated>
</Charts>
<Charts>
<ChartID>15</ChartID>
<CreatorID>10</CreatorID>
<SongName>Ever Present Past</SongName>
<SongArtist>Paul McCartney</SongArtist>
<Length>0500</Length>
<Difficulty>Hard</Difficulty>
<Genre>Blues</Genre>
<Medium>Album</Medium>
<DateUploaded>2019-09-09T00:00:00</DateUploaded>
<DateUpdated>2019-09-09T00:00:00</DateUpdated>
</Charts>
<Charts>
<ChartID>16</ChartID>
<CreatorID>10</CreatorID>
<SongName>Beware Of Darkness</SongName>
<SongArtist>George Harrison</SongArtist>
<Length>0700</Length>
<Difficulty>Normal</Difficulty>
<Genre>Rock</Genre>
<Medium>Album</Medium>
<DateUploaded>2019-09-09T00:00:00</DateUploaded>
<DateUpdated>2019-09-09T00:00:00</DateUpdated>
</Charts>
<Charts>
<ChartID>17</ChartID>
<CreatorID>10</CreatorID>
<SongName>Get Back</SongName>
<SongArtist>The Beatles</SongArtist>
<Length>0220</Length>
<Difficulty>Normal</Difficulty>
<Genre>Rock</Genre>
<Medium>Album</Medium>
<DateUploaded>2021-10-10T00:00:00</DateUploaded>
<DateUpdated>2021-10-10T00:00:00</DateUpdated>
</Charts>
<Charts>
<ChartID>18</ChartID>
<CreatorID>3</CreatorID>
<SongName>Finned Frontier</SongName>
<SongArtist>ThePurpleAnon</SongArtist>
<Length>0201</Length>
<Difficulty>Normal</Difficulty>
<Genre>Pop</Genre>
<Medium>Video Game</Medium>
<DateUploaded>2021-11-28T00:00:00</DateUploaded>
<DateUpdated>2021-11-28T00:00:00</DateUpdated>
</Charts>
<Charts>
<ChartID>19</ChartID>
<CreatorID>3</CreatorID>
<SongName>Rhythm Soumen</SongName>
<SongArtist>forte1st</SongArtist>
<Length>0321</Length>
<Difficulty>Normal</Difficulty>
<Genre>Classical</Genre>
<Medium>Video Game</Medium>
<DateUploaded>2021-04-17T00:00:00</DateUploaded>
<DateUpdated>2021-04-17T00:00:00</DateUpdated>
</Charts>
<Charts>
<ChartID>20</ChartID>
<CreatorID>3</CreatorID>
<SongName>At the Speed of Light</SongName>
<SongArtist>Dimrain47</SongArtist>
<Length>0410</Length>
<Difficulty>Hard</Difficulty>
<Genre>EDM</Genre>
<Medium>Video Game</Medium>
<DateUploaded>2021-02-10T00:00:00</DateUploaded>
<DateUpdated>2021-02-10T00:00:00</DateUpdated>
</Charts>
<Charts>
<ChartID>21</ChartID>
<CreatorID>3</CreatorID>
<SongName>Despair Rally</SongName>
<SongArtist>EpicHaxGuy</SongArtist>
<Length>0327</Length>
<Difficulty>Hard</Difficulty>
<Genre>Metal</Genre>
<Medium>Video Game</Medium>
<DateUploaded>2021-01-04T00:00:00</DateUploaded>
<DateUpdated>2021-01-04T00:00:00</DateUpdated>
</Charts>
<Charts>
<ChartID>22</ChartID>
<CreatorID>3</CreatorID>
<SongName>Giant Steps</SongName>
<SongArtist>John Coltrane</SongArtist>
<Length>0102</Length>
<Difficulty>Hard</Difficulty>
<Genre>Jazz</Genre>
<Medium>Album</Medium>
<DateUploaded>2020-12-24T00:00:00</DateUploaded>
<DateUpdated>2020-12-24T00:00:00</DateUpdated>
</Charts>
<Charts>
<ChartID>23</ChartID>
<CreatorID>4</CreatorID>
<SongName>Party × Party</SongName>
<SongArtist>Hitoshizuku-P</SongArtist>
<Length>0356</Length>
<Difficulty>Normal</Difficulty>
<Genre>Jazz</Genre>
<Medium>Vocaloid</Medium>
<DateUploaded>2018-06-26T00:00:00</DateUploaded>
<DateUpdated>2018-06-26T00:00:00</DateUpdated>
</Charts>
<Charts>
<ChartID>24</ChartID>
<CreatorID>5</CreatorID>
<SongName>Rock it For Me</SongName>
<SongArtist>Caravan Palace</SongArtist>
<Length>0258</Length>
<Difficulty>Normal</Difficulty>
<Genre>Electro swing</Genre>
<Medium>Album</Medium>
<DateUploaded>2018-02-26T00:00:00</DateUploaded>
<DateUpdated>2018-02-26T00:00:00</DateUpdated>
</Charts>
<Charts>
<ChartID>25</ChartID>
<CreatorID>4</CreatorID>
<SongName>We Are Number One</SongName>
<SongArtist>Máni Svavarsson</SongArtist>
<Length>0225</Length>
<Difficulty>Hard</Difficulty>
<Genre>Ska</Genre>
<Medium>TV</Medium>
<DateUploaded>2017-02-04T00:00:00</DateUploaded>
<DateUpdated>2017-02-04T00:00:00</DateUpdated>
</Charts>
<Charts>
<ChartID>26</ChartID>
<CreatorID>2</CreatorID>
<SongName>D.A.N.C.E.</SongName>
<SongArtist>Justice</SongArtist>
<Length>0316</Length>
<Difficulty>Normal</Difficulty>
<Genre>Disco</Genre>
<Medium>Album</Medium>
<DateUploaded>2022-04-24T00:00:00</DateUploaded>
<DateUpdated>2022-04-24T00:00:00</DateUpdated>
</Charts>
<Charts>
<ChartID>27</ChartID>
<CreatorID>2</CreatorID>
<SongName>Buttercup</SongName>
<SongArtist>Jack Stauber</SongArtist>
<Length>0308</Length>
<Difficulty>Normal</Difficulty>
<Genre>Funk</Genre>
<Medium>Album</Medium>
<DateUploaded>2022-01-21T00:00:00</DateUploaded>
<DateUpdated>2022-01-21T00:00:00</DateUpdated>
</Charts>
<Charts>
<ChartID>28</ChartID>
<CreatorID>4</CreatorID>
<SongName>Kumikyoku Nico Nico Douga -10th Anniversary REMIX-</SongName>
<SongArtist>Ketoku</SongArtist>
<Length>1030</Length>
<Difficulty>Hard</Difficulty>
<Genre>EDM</Genre>
<Medium>Video Game</Medium>
<DateUploaded>2017-08-26T00:00:00</DateUploaded>
<DateUpdated>2017-08-26T00:00:00</DateUpdated>
</Charts>
<Charts>
<ChartID>29</ChartID>
<CreatorID>11</CreatorID>
<SongName>KICKBACK</SongName>
<SongArtist>Kenshi Yonezu</SongArtist>
<Length>0143</Length>
<Difficulty>Hard</Difficulty>
<Genre>Rock</Genre>
<Medium>Anime</Medium>
<DateUploaded>2022-11-14T00:00:00</DateUploaded>
<DateUpdated>2022-11-14T00:00:00</DateUpdated>
</Charts>
</dataroot>
