<?xml version="1.0" encoding="UTF-8"?>
<dataroot xmlns:od="urn:schemas-microsoft-com:officedata" xmlns:xsi="http://www.w3.org/2001/XMLSchema-instance"  xsi:noNamespaceSchemaLocation="ChartsRhythmGames.xsd" generated="2022-12-19T11:11:12">
<ChartsRhythmGames>
<ChartID>1</ChartID>
<GameID>1</GameID>
</ChartsRhythmGames>
<ChartsRhythmGames>
<ChartID>1</ChartID>
<GameID>6</GameID>
</ChartsRhythmGames>
<ChartsRhythmGames>
<ChartID>1</ChartID>
<GameID>8</GameID>
</ChartsRhythmGames>
<ChartsRhythmGames>
<ChartID>1</ChartID>
<GameID>21</GameID>
</ChartsRhythmGames>
<ChartsRhythmGames>
<ChartID>2</ChartID>
<GameID>1</GameID>
</ChartsRhythmGames>
<ChartsRhythmGames>
<ChartID>2</ChartID>
<GameID>2</GameID>
</ChartsRhythmGames>
<ChartsRhythmGames>
<ChartID>2</ChartID>
<GameID>4</GameID>
</ChartsRhythmGames>
<ChartsRhythmGames>
<ChartID>2</ChartID>
<GameID>6</GameID>
</ChartsRhythmGames>
<ChartsRhythmGames>
<ChartID>2</ChartID>
<GameID>8</GameID>
</ChartsRhythmGames>
<ChartsRhythmGames>
<ChartID>2</ChartID>
<GameID>13</GameID>
</ChartsRhythmGames>
<ChartsRhythmGames>
<ChartID>2</ChartID>
<GameID>18</GameID>
</ChartsRhythmGames>
<ChartsRhythmGames>
<ChartID>2</ChartID>
<GameID>27</GameID>
</ChartsRhythmGames>
<ChartsRhythmGames>
<ChartID>2</ChartID>
<GameID>31</GameID>
</ChartsRhythmGames>
<ChartsRhythmGames>
<ChartID>2</ChartID>
<GameID>32</GameID>
</ChartsRhythmGames>
<ChartsRhythmGames>
<ChartID>2</ChartID>
<GameID>45</GameID>
</ChartsRhythmGames>
<ChartsRhythmGames>
<ChartID>2</ChartID>
<GameID>53</GameID>
</ChartsRhythmGames>
<ChartsRhythmGames>
<ChartID>2</ChartID>
<GameID>54</GameID>
</ChartsRhythmGames>
<ChartsRhythmGames>
<ChartID>2</ChartID>
<GameID>59</GameID>
</ChartsRhythmGames>
<ChartsRhythmGames>
<ChartID>2</ChartID>
<GameID>60</GameID>
</ChartsRhythmGames>
<ChartsRhythmGames>
<ChartID>2</ChartID>
<GameID>64</GameID>
</ChartsRhythmGames>
<ChartsRhythmGames>
<ChartID>2</ChartID>
<GameID>68</GameID>
</ChartsRhythmGames>
<ChartsRhythmGames>
<ChartID>2</ChartID>
<GameID>74</GameID>
</ChartsRhythmGames>
<ChartsRhythmGames>
<ChartID>2</ChartID>
<GameID>79</GameID>
</ChartsRhythmGames>
<ChartsRhythmGames>
<ChartID>2</ChartID>
<GameID>87</GameID>
</ChartsRhythmGames>
<ChartsRhythmGames>
<ChartID>2</ChartID>
<GameID>89</GameID>
</ChartsRhythmGames>
<ChartsRhythmGames>
<ChartID>3</ChartID>
<GameID>1</GameID>
</ChartsRhythmGames>
<ChartsRhythmGames>
<ChartID>3</ChartID>
<GameID>5</GameID>
</ChartsRhythmGames>
<ChartsRhythmGames>
<ChartID>3</ChartID>
<GameID>25</GameID>
</ChartsRhythmGames>
<ChartsRhythmGames>
<ChartID>3</ChartID>
<GameID>50</GameID>
</ChartsRhythmGames>
<ChartsRhythmGames>
<ChartID>3</ChartID>
<GameID>51</GameID>
</ChartsRhythmGames>
<ChartsRhythmGames>
<ChartID>3</ChartID>
<GameID>52</GameID>
</ChartsRhythmGames>
<ChartsRhythmGames>
<ChartID>3</ChartID>
<GameID>53</GameID>
</ChartsRhythmGames>
<ChartsRhythmGames>
<ChartID>3</ChartID>
<GameID>54</GameID>
</ChartsRhythmGames>
<ChartsRhythmGames>
<ChartID>3</ChartID>
<GameID>55</GameID>
</ChartsRhythmGames>
<ChartsRhythmGames>
<ChartID>3</ChartID>
<GameID>57</GameID>
</ChartsRhythmGames>
<ChartsRhythmGames>
<ChartID>3</ChartID>
<GameID>58</GameID>
</ChartsRhythmGames>
<ChartsRhythmGames>
<ChartID>3</ChartID>
<GameID>59</GameID>
</ChartsRhythmGames>
<ChartsRhythmGames>
<ChartID>3</ChartID>
<GameID>60</GameID>
</ChartsRhythmGames>
<ChartsRhythmGames>
<ChartID>3</ChartID>
<GameID>61</GameID>
</ChartsRhythmGames>
<ChartsRhythmGames>
<ChartID>3</ChartID>
<GameID>62</GameID>
</ChartsRhythmGames>
<ChartsRhythmGames>
<ChartID>3</ChartID>
<GameID>63</GameID>
</ChartsRhythmGames>
<ChartsRhythmGames>
<ChartID>3</ChartID>
<GameID>64</GameID>
</ChartsRhythmGames>
<ChartsRhythmGames>
<ChartID>3</ChartID>
<GameID>65</GameID>
</ChartsRhythmGames>
<ChartsRhythmGames>
<ChartID>3</ChartID>
<GameID>66</GameID>
</ChartsRhythmGames>
<ChartsRhythmGames>
<ChartID>3</ChartID>
<GameID>68</GameID>
</ChartsRhythmGames>
<ChartsRhythmGames>
<ChartID>3</ChartID>
<GameID>69</GameID>
</ChartsRhythmGames>
<ChartsRhythmGames>
<ChartID>3</ChartID>
<GameID>70</GameID>
</ChartsRhythmGames>
<ChartsRhythmGames>
<ChartID>3</ChartID>
<GameID>71</GameID>
</ChartsRhythmGames>
<ChartsRhythmGames>
<ChartID>3</ChartID>
<GameID>72</GameID>
</ChartsRhythmGames>
<ChartsRhythmGames>
<ChartID>3</ChartID>
<GameID>76</GameID>
</ChartsRhythmGames>
<ChartsRhythmGames>
<ChartID>4</ChartID>
<GameID>1</GameID>
</ChartsRhythmGames>
<ChartsRhythmGames>
<ChartID>4</ChartID>
<GameID>5</GameID>
</ChartsRhythmGames>
<ChartsRhythmGames>
<ChartID>4</ChartID>
<GameID>25</GameID>
</ChartsRhythmGames>
<ChartsRhythmGames>
<ChartID>4</ChartID>
<GameID>50</GameID>
</ChartsRhythmGames>
<ChartsRhythmGames>
<ChartID>4</ChartID>
<GameID>61</GameID>
</ChartsRhythmGames>
<ChartsRhythmGames>
<ChartID>4</ChartID>
<GameID>63</GameID>
</ChartsRhythmGames>
<ChartsRhythmGames>
<ChartID>5</ChartID>
<GameID>26</GameID>
</ChartsRhythmGames>
<ChartsRhythmGames>
<ChartID>6</ChartID>
<GameID>6</GameID>
</ChartsRhythmGames>
<ChartsRhythmGames>
<ChartID>6</ChartID>
<GameID>45</GameID>
</ChartsRhythmGames>
<ChartsRhythmGames>
<ChartID>6</ChartID>
<GameID>46</GameID>
</ChartsRhythmGames>
<ChartsRhythmGames>
<ChartID>6</ChartID>
<GameID>47</GameID>
</ChartsRhythmGames>
<ChartsRhythmGames>
<ChartID>6</ChartID>
<GameID>82</GameID>
</ChartsRhythmGames>
<ChartsRhythmGames>
<ChartID>7</ChartID>
<GameID>10</GameID>
</ChartsRhythmGames>
<ChartsRhythmGames>
<ChartID>7</ChartID>
<GameID>11</GameID>
</ChartsRhythmGames>
<ChartsRhythmGames>
<ChartID>7</ChartID>
<GameID>29</GameID>
</ChartsRhythmGames>
<ChartsRhythmGames>
<ChartID>7</ChartID>
<GameID>85</GameID>
</ChartsRhythmGames>
<ChartsRhythmGames>
<ChartID>8</ChartID>
<GameID>7</GameID>
</ChartsRhythmGames>
<ChartsRhythmGames>
<ChartID>8</ChartID>
<GameID>9</GameID>
</ChartsRhythmGames>
<ChartsRhythmGames>
<ChartID>8</ChartID>
<GameID>12</GameID>
</ChartsRhythmGames>
<ChartsRhythmGames>
<ChartID>9</ChartID>
<GameID>28</GameID>
</ChartsRhythmGames>
<ChartsRhythmGames>
<ChartID>9</ChartID>
<GameID>40</GameID>
</ChartsRhythmGames>
<ChartsRhythmGames>
<ChartID>9</ChartID>
<GameID>59</GameID>
</ChartsRhythmGames>
<ChartsRhythmGames>
<ChartID>10</ChartID>
<GameID>54</GameID>
</ChartsRhythmGames>
<ChartsRhythmGames>
<ChartID>10</ChartID>
<GameID>59</GameID>
</ChartsRhythmGames>
<ChartsRhythmGames>
<ChartID>10</ChartID>
<GameID>66</GameID>
</ChartsRhythmGames>
<ChartsRhythmGames>
<ChartID>10</ChartID>
<GameID>67</GameID>
</ChartsRhythmGames>
<ChartsRhythmGames>
<ChartID>10</ChartID>
<GameID>70</GameID>
</ChartsRhythmGames>
<ChartsRhythmGames>
<ChartID>11</ChartID>
<GameID>11</GameID>
</ChartsRhythmGames>
<ChartsRhythmGames>
<ChartID>11</ChartID>
<GameID>13</GameID>
</ChartsRhythmGames>
<ChartsRhythmGames>
<ChartID>11</ChartID>
<GameID>15</GameID>
</ChartsRhythmGames>
<ChartsRhythmGames>
<ChartID>11</ChartID>
<GameID>17</GameID>
</ChartsRhythmGames>
<ChartsRhythmGames>
<ChartID>11</ChartID>
<GameID>48</GameID>
</ChartsRhythmGames>
<ChartsRhythmGames>
<ChartID>12</ChartID>
<GameID>1</GameID>
</ChartsRhythmGames>
<ChartsRhythmGames>
<ChartID>12</ChartID>
<GameID>22</GameID>
</ChartsRhythmGames>
<ChartsRhythmGames>
<ChartID>12</ChartID>
<GameID>34</GameID>
</ChartsRhythmGames>
<ChartsRhythmGames>
<ChartID>13</ChartID>
<GameID>33</GameID>
</ChartsRhythmGames>
<ChartsRhythmGames>
<ChartID>13</ChartID>
<GameID>34</GameID>
</ChartsRhythmGames>
<ChartsRhythmGames>
<ChartID>14</ChartID>
<GameID>11</GameID>
</ChartsRhythmGames>
<ChartsRhythmGames>
<ChartID>15</ChartID>
<GameID>14</GameID>
</ChartsRhythmGames>
<ChartsRhythmGames>
<ChartID>16</ChartID>
<GameID>7</GameID>
</ChartsRhythmGames>
<ChartsRhythmGames>
<ChartID>17</ChartID>
<GameID>4</GameID>
</ChartsRhythmGames>
<ChartsRhythmGames>
<ChartID>17</ChartID>
<GameID>78</GameID>
</ChartsRhythmGames>
<ChartsRhythmGames>
<ChartID>17</ChartID>
<GameID>81</GameID>
</ChartsRhythmGames>
<ChartsRhythmGames>
<ChartID>18</ChartID>
<GameID>90</GameID>
</ChartsRhythmGames>
<ChartsRhythmGames>
<ChartID>19</ChartID>
<GameID>91</GameID>
</ChartsRhythmGames>
<ChartsRhythmGames>
<ChartID>20</ChartID>
<GameID>1</GameID>
</ChartsRhythmGames>
<ChartsRhythmGames>
<ChartID>20</ChartID>
<GameID>5</GameID>
</ChartsRhythmGames>
<ChartsRhythmGames>
<ChartID>20</ChartID>
<GameID>31</GameID>
</ChartsRhythmGames>
<ChartsRhythmGames>
<ChartID>20</ChartID>
<GameID>52</GameID>
</ChartsRhythmGames>
<ChartsRhythmGames>
<ChartID>20</ChartID>
<GameID>74</GameID>
</ChartsRhythmGames>
<ChartsRhythmGames>
<ChartID>20</ChartID>
<GameID>84</GameID>
</ChartsRhythmGames>
<ChartsRhythmGames>
<ChartID>20</ChartID>
<GameID>88</GameID>
</ChartsRhythmGames>
<ChartsRhythmGames>
<ChartID>21</ChartID>
<GameID>60</GameID>
</ChartsRhythmGames>
<ChartsRhythmGames>
<ChartID>22</ChartID>
<GameID>30</GameID>
</ChartsRhythmGames>
<ChartsRhythmGames>
<ChartID>23</ChartID>
<GameID>1</GameID>
</ChartsRhythmGames>
<ChartsRhythmGames>
<ChartID>23</ChartID>
<GameID>3</GameID>
</ChartsRhythmGames>
<ChartsRhythmGames>
<ChartID>23</ChartID>
<GameID>4</GameID>
</ChartsRhythmGames>
<ChartsRhythmGames>
<ChartID>23</ChartID>
<GameID>5</GameID>
</ChartsRhythmGames>
<ChartsRhythmGames>
<ChartID>23</ChartID>
<GameID>8</GameID>
</ChartsRhythmGames>
<ChartsRhythmGames>
<ChartID>23</ChartID>
<GameID>13</GameID>
</ChartsRhythmGames>
<ChartsRhythmGames>
<ChartID>23</ChartID>
<GameID>15</GameID>
</ChartsRhythmGames>
<ChartsRhythmGames>
<ChartID>23</ChartID>
<GameID>18</GameID>
</ChartsRhythmGames>
<ChartsRhythmGames>
<ChartID>23</ChartID>
<GameID>24</GameID>
</ChartsRhythmGames>
<ChartsRhythmGames>
<ChartID>23</ChartID>
<GameID>25</GameID>
</ChartsRhythmGames>
<ChartsRhythmGames>
<ChartID>23</ChartID>
<GameID>28</GameID>
</ChartsRhythmGames>
<ChartsRhythmGames>
<ChartID>23</ChartID>
<GameID>29</GameID>
</ChartsRhythmGames>
<ChartsRhythmGames>
<ChartID>23</ChartID>
<GameID>31</GameID>
</ChartsRhythmGames>
<ChartsRhythmGames>
<ChartID>23</ChartID>
<GameID>32</GameID>
</ChartsRhythmGames>
<ChartsRhythmGames>
<ChartID>23</ChartID>
<GameID>35</GameID>
</ChartsRhythmGames>
<ChartsRhythmGames>
<ChartID>23</ChartID>
<GameID>43</GameID>
</ChartsRhythmGames>
<ChartsRhythmGames>
<ChartID>23</ChartID>
<GameID>45</GameID>
</ChartsRhythmGames>
<ChartsRhythmGames>
<ChartID>23</ChartID>
<GameID>47</GameID>
</ChartsRhythmGames>
<ChartsRhythmGames>
<ChartID>23</ChartID>
<GameID>49</GameID>
</ChartsRhythmGames>
<ChartsRhythmGames>
<ChartID>23</ChartID>
<GameID>58</GameID>
</ChartsRhythmGames>
<ChartsRhythmGames>
<ChartID>23</ChartID>
<GameID>59</GameID>
</ChartsRhythmGames>
<ChartsRhythmGames>
<ChartID>23</ChartID>
<GameID>61</GameID>
</ChartsRhythmGames>
<ChartsRhythmGames>
<ChartID>23</ChartID>
<GameID>64</GameID>
</ChartsRhythmGames>
<ChartsRhythmGames>
<ChartID>23</ChartID>
<GameID>65</GameID>
</ChartsRhythmGames>
<ChartsRhythmGames>
<ChartID>23</ChartID>
<GameID>66</GameID>
</ChartsRhythmGames>
<ChartsRhythmGames>
<ChartID>23</ChartID>
<GameID>68</GameID>
</ChartsRhythmGames>
<ChartsRhythmGames>
<ChartID>23</ChartID>
<GameID>70</GameID>
</ChartsRhythmGames>
<ChartsRhythmGames>
<ChartID>23</ChartID>
<GameID>71</GameID>
</ChartsRhythmGames>
<ChartsRhythmGames>
<ChartID>23</ChartID>
<GameID>75</GameID>
</ChartsRhythmGames>
<ChartsRhythmGames>
<ChartID>23</ChartID>
<GameID>78</GameID>
</ChartsRhythmGames>
<ChartsRhythmGames>
<ChartID>23</ChartID>
<GameID>79</GameID>
</ChartsRhythmGames>
<ChartsRhythmGames>
<ChartID>23</ChartID>
<GameID>82</GameID>
</ChartsRhythmGames>
<ChartsRhythmGames>
<ChartID>23</ChartID>
<GameID>84</GameID>
</ChartsRhythmGames>
<ChartsRhythmGames>
<ChartID>23</ChartID>
<GameID>86</GameID>
</ChartsRhythmGames>
<ChartsRhythmGames>
<ChartID>23</ChartID>
<GameID>87</GameID>
</ChartsRhythmGames>
<ChartsRhythmGames>
<ChartID>23</ChartID>
<GameID>89</GameID>
</ChartsRhythmGames>
<ChartsRhythmGames>
<ChartID>24</ChartID>
<GameID>1</GameID>
</ChartsRhythmGames>
<ChartsRhythmGames>
<ChartID>24</ChartID>
<GameID>2</GameID>
</ChartsRhythmGames>
<ChartsRhythmGames>
<ChartID>24</ChartID>
<GameID>13</GameID>
</ChartsRhythmGames>
<ChartsRhythmGames>
<ChartID>24</ChartID>
<GameID>28</GameID>
</ChartsRhythmGames>
<ChartsRhythmGames>
<ChartID>24</ChartID>
<GameID>30</GameID>
</ChartsRhythmGames>
<ChartsRhythmGames>
<ChartID>24</ChartID>
<GameID>32</GameID>
</ChartsRhythmGames>
<ChartsRhythmGames>
<ChartID>24</ChartID>
<GameID>36</GameID>
</ChartsRhythmGames>
<ChartsRhythmGames>
<ChartID>24</ChartID>
<GameID>38</GameID>
</ChartsRhythmGames>
<ChartsRhythmGames>
<ChartID>24</ChartID>
<GameID>46</GameID>
</ChartsRhythmGames>
<ChartsRhythmGames>
<ChartID>24</ChartID>
<GameID>47</GameID>
</ChartsRhythmGames>
<ChartsRhythmGames>
<ChartID>24</ChartID>
<GameID>52</GameID>
</ChartsRhythmGames>
<ChartsRhythmGames>
<ChartID>24</ChartID>
<GameID>57</GameID>
</ChartsRhythmGames>
<ChartsRhythmGames>
<ChartID>24</ChartID>
<GameID>63</GameID>
</ChartsRhythmGames>
<ChartsRhythmGames>
<ChartID>24</ChartID>
<GameID>69</GameID>
</ChartsRhythmGames>
<ChartsRhythmGames>
<ChartID>24</ChartID>
<GameID>70</GameID>
</ChartsRhythmGames>
<ChartsRhythmGames>
<ChartID>24</ChartID>
<GameID>83</GameID>
</ChartsRhythmGames>
<ChartsRhythmGames>
<ChartID>25</ChartID>
<GameID>4</GameID>
</ChartsRhythmGames>
<ChartsRhythmGames>
<ChartID>25</ChartID>
<GameID>5</GameID>
</ChartsRhythmGames>
<ChartsRhythmGames>
<ChartID>25</ChartID>
<GameID>6</GameID>
</ChartsRhythmGames>
<ChartsRhythmGames>
<ChartID>25</ChartID>
<GameID>8</GameID>
</ChartsRhythmGames>
<ChartsRhythmGames>
<ChartID>25</ChartID>
<GameID>21</GameID>
</ChartsRhythmGames>
<ChartsRhythmGames>
<ChartID>25</ChartID>
<GameID>25</GameID>
</ChartsRhythmGames>
<ChartsRhythmGames>
<ChartID>25</ChartID>
<GameID>26</GameID>
</ChartsRhythmGames>
<ChartsRhythmGames>
<ChartID>25</ChartID>
<GameID>30</GameID>
</ChartsRhythmGames>
<ChartsRhythmGames>
<ChartID>25</ChartID>
<GameID>32</GameID>
</ChartsRhythmGames>
<ChartsRhythmGames>
<ChartID>25</ChartID>
<GameID>45</GameID>
</ChartsRhythmGames>
<ChartsRhythmGames>
<ChartID>25</ChartID>
<GameID>46</GameID>
</ChartsRhythmGames>
<ChartsRhythmGames>
<ChartID>25</ChartID>
<GameID>50</GameID>
</ChartsRhythmGames>
<ChartsRhythmGames>
<ChartID>25</ChartID>
<GameID>54</GameID>
</ChartsRhythmGames>
<ChartsRhythmGames>
<ChartID>25</ChartID>
<GameID>61</GameID>
</ChartsRhythmGames>
<ChartsRhythmGames>
<ChartID>25</ChartID>
<GameID>66</GameID>
</ChartsRhythmGames>
<ChartsRhythmGames>
<ChartID>25</ChartID>
<GameID>70</GameID>
</ChartsRhythmGames>
<ChartsRhythmGames>
<ChartID>25</ChartID>
<GameID>71</GameID>
</ChartsRhythmGames>
<ChartsRhythmGames>
<ChartID>25</ChartID>
<GameID>74</GameID>
</ChartsRhythmGames>
<ChartsRhythmGames>
<ChartID>25</ChartID>
<GameID>82</GameID>
</ChartsRhythmGames>
<ChartsRhythmGames>
<ChartID>26</ChartID>
<GameID>1</GameID>
</ChartsRhythmGames>
<ChartsRhythmGames>
<ChartID>26</ChartID>
<GameID>26</GameID>
</ChartsRhythmGames>
<ChartsRhythmGames>
<ChartID>26</ChartID>
<GameID>28</GameID>
</ChartsRhythmGames>
<ChartsRhythmGames>
<ChartID>26</ChartID>
<GameID>29</GameID>
</ChartsRhythmGames>
<ChartsRhythmGames>
<ChartID>26</ChartID>
<GameID>31</GameID>
</ChartsRhythmGames>
<ChartsRhythmGames>
<ChartID>26</ChartID>
<GameID>32</GameID>
</ChartsRhythmGames>
<ChartsRhythmGames>
<ChartID>26</ChartID>
<GameID>33</GameID>
</ChartsRhythmGames>
<ChartsRhythmGames>
<ChartID>26</ChartID>
<GameID>35</GameID>
</ChartsRhythmGames>
<ChartsRhythmGames>
<ChartID>26</ChartID>
<GameID>36</GameID>
</ChartsRhythmGames>
<ChartsRhythmGames>
<ChartID>26</ChartID>
<GameID>38</GameID>
</ChartsRhythmGames>
<ChartsRhythmGames>
<ChartID>26</ChartID>
<GameID>39</GameID>
</ChartsRhythmGames>
<ChartsRhythmGames>
<ChartID>26</ChartID>
<GameID>41</GameID>
</ChartsRhythmGames>
<ChartsRhythmGames>
<ChartID>26</ChartID>
<GameID>42</GameID>
</ChartsRhythmGames>
<ChartsRhythmGames>
<ChartID>26</ChartID>
<GameID>43</GameID>
</ChartsRhythmGames>
<ChartsRhythmGames>
<ChartID>26</ChartID>
<GameID>45</GameID>
</ChartsRhythmGames>
<ChartsRhythmGames>
<ChartID>26</ChartID>
<GameID>46</GameID>
</ChartsRhythmGames>
<ChartsRhythmGames>
<ChartID>26</ChartID>
<GameID>49</GameID>
</ChartsRhythmGames>
<ChartsRhythmGames>
<ChartID>27</ChartID>
<GameID>1</GameID>
</ChartsRhythmGames>
<ChartsRhythmGames>
<ChartID>27</ChartID>
<GameID>2</GameID>
</ChartsRhythmGames>
<ChartsRhythmGames>
<ChartID>27</ChartID>
<GameID>3</GameID>
</ChartsRhythmGames>
<ChartsRhythmGames>
<ChartID>27</ChartID>
<GameID>4</GameID>
</ChartsRhythmGames>
<ChartsRhythmGames>
<ChartID>27</ChartID>
<GameID>5</GameID>
</ChartsRhythmGames>
<ChartsRhythmGames>
<ChartID>27</ChartID>
<GameID>6</GameID>
</ChartsRhythmGames>
<ChartsRhythmGames>
<ChartID>27</ChartID>
<GameID>7</GameID>
</ChartsRhythmGames>
<ChartsRhythmGames>
<ChartID>27</ChartID>
<GameID>9</GameID>
</ChartsRhythmGames>
<ChartsRhythmGames>
<ChartID>27</ChartID>
<GameID>13</GameID>
</ChartsRhythmGames>
<ChartsRhythmGames>
<ChartID>27</ChartID>
<GameID>15</GameID>
</ChartsRhythmGames>
<ChartsRhythmGames>
<ChartID>27</ChartID>
<GameID>17</GameID>
</ChartsRhythmGames>
<ChartsRhythmGames>
<ChartID>27</ChartID>
<GameID>19</GameID>
</ChartsRhythmGames>
<ChartsRhythmGames>
<ChartID>27</ChartID>
<GameID>20</GameID>
</ChartsRhythmGames>
<ChartsRhythmGames>
<ChartID>27</ChartID>
<GameID>22</GameID>
</ChartsRhythmGames>
<ChartsRhythmGames>
<ChartID>27</ChartID>
<GameID>23</GameID>
</ChartsRhythmGames>
<ChartsRhythmGames>
<ChartID>27</ChartID>
<GameID>24</GameID>
</ChartsRhythmGames>
<ChartsRhythmGames>
<ChartID>27</ChartID>
<GameID>25</GameID>
</ChartsRhythmGames>
<ChartsRhythmGames>
<ChartID>27</ChartID>
<GameID>26</GameID>
</ChartsRhythmGames>
<ChartsRhythmGames>
<ChartID>27</ChartID>
<GameID>27</GameID>
</ChartsRhythmGames>
<ChartsRhythmGames>
<ChartID>27</ChartID>
<GameID>28</GameID>
</ChartsRhythmGames>
<ChartsRhythmGames>
<ChartID>27</ChartID>
<GameID>29</GameID>
</ChartsRhythmGames>
<ChartsRhythmGames>
<ChartID>27</ChartID>
<GameID>30</GameID>
</ChartsRhythmGames>
<ChartsRhythmGames>
<ChartID>27</ChartID>
<GameID>31</GameID>
</ChartsRhythmGames>
<ChartsRhythmGames>
<ChartID>27</ChartID>
<GameID>32</GameID>
</ChartsRhythmGames>
<ChartsRhythmGames>
<ChartID>27</ChartID>
<GameID>35</GameID>
</ChartsRhythmGames>
<ChartsRhythmGames>
<ChartID>27</ChartID>
<GameID>36</GameID>
</ChartsRhythmGames>
<ChartsRhythmGames>
<ChartID>27</ChartID>
<GameID>37</GameID>
</ChartsRhythmGames>
<ChartsRhythmGames>
<ChartID>27</ChartID>
<GameID>38</GameID>
</ChartsRhythmGames>
<ChartsRhythmGames>
<ChartID>27</ChartID>
<GameID>39</GameID>
</ChartsRhythmGames>
<ChartsRhythmGames>
<ChartID>27</ChartID>
<GameID>41</GameID>
</ChartsRhythmGames>
<ChartsRhythmGames>
<ChartID>27</ChartID>
<GameID>42</GameID>
</ChartsRhythmGames>
<ChartsRhythmGames>
<ChartID>27</ChartID>
<GameID>44</GameID>
</ChartsRhythmGames>
<ChartsRhythmGames>
<ChartID>27</ChartID>
<GameID>45</GameID>
</ChartsRhythmGames>
<ChartsRhythmGames>
<ChartID>27</ChartID>
<GameID>46</GameID>
</ChartsRhythmGames>
<ChartsRhythmGames>
<ChartID>27</ChartID>
<GameID>47</GameID>
</ChartsRhythmGames>
<ChartsRhythmGames>
<ChartID>27</ChartID>
<GameID>50</GameID>
</ChartsRhythmGames>
<ChartsRhythmGames>
<ChartID>27</ChartID>
<GameID>52</GameID>
</ChartsRhythmGames>
<ChartsRhythmGames>
<ChartID>27</ChartID>
<GameID>56</GameID>
</ChartsRhythmGames>
<ChartsRhythmGames>
<ChartID>27</ChartID>
<GameID>57</GameID>
</ChartsRhythmGames>
<ChartsRhythmGames>
<ChartID>27</ChartID>
<GameID>60</GameID>
</ChartsRhythmGames>
<ChartsRhythmGames>
<ChartID>27</ChartID>
<GameID>61</GameID>
</ChartsRhythmGames>
<ChartsRhythmGames>
<ChartID>27</ChartID>
<GameID>62</GameID>
</ChartsRhythmGames>
<ChartsRhythmGames>
<ChartID>27</ChartID>
<GameID>63</GameID>
</ChartsRhythmGames>
<ChartsRhythmGames>
<ChartID>27</ChartID>
<GameID>65</GameID>
</ChartsRhythmGames>
<ChartsRhythmGames>
<ChartID>27</ChartID>
<GameID>67</GameID>
</ChartsRhythmGames>
<ChartsRhythmGames>
<ChartID>27</ChartID>
<GameID>69</GameID>
</ChartsRhythmGames>
<ChartsRhythmGames>
<ChartID>27</ChartID>
<GameID>74</GameID>
</ChartsRhythmGames>
<ChartsRhythmGames>
<ChartID>27</ChartID>
<GameID>76</GameID>
</ChartsRhythmGames>
<ChartsRhythmGames>
<ChartID>28</ChartID>
<GameID>1</GameID>
</ChartsRhythmGames>
<ChartsRhythmGames>
<ChartID>28</ChartID>
<GameID>4</GameID>
</ChartsRhythmGames>
<ChartsRhythmGames>
<ChartID>28</ChartID>
<GameID>6</GameID>
</ChartsRhythmGames>
<ChartsRhythmGames>
<ChartID>28</ChartID>
<GameID>9</GameID>
</ChartsRhythmGames>
<ChartsRhythmGames>
<ChartID>28</ChartID>
<GameID>13</GameID>
</ChartsRhythmGames>
<ChartsRhythmGames>
<ChartID>28</ChartID>
<GameID>16</GameID>
</ChartsRhythmGames>
<ChartsRhythmGames>
<ChartID>28</ChartID>
<GameID>17</GameID>
</ChartsRhythmGames>
<ChartsRhythmGames>
<ChartID>28</ChartID>
<GameID>18</GameID>
</ChartsRhythmGames>
<ChartsRhythmGames>
<ChartID>28</ChartID>
<GameID>21</GameID>
</ChartsRhythmGames>
<ChartsRhythmGames>
<ChartID>28</ChartID>
<GameID>25</GameID>
</ChartsRhythmGames>
<ChartsRhythmGames>
<ChartID>28</ChartID>
<GameID>27</GameID>
</ChartsRhythmGames>
<ChartsRhythmGames>
<ChartID>28</ChartID>
<GameID>28</GameID>
</ChartsRhythmGames>
<ChartsRhythmGames>
<ChartID>28</ChartID>
<GameID>29</GameID>
</ChartsRhythmGames>
<ChartsRhythmGames>
<ChartID>28</ChartID>
<GameID>30</GameID>
</ChartsRhythmGames>
<ChartsRhythmGames>
<ChartID>28</ChartID>
<GameID>31</GameID>
</ChartsRhythmGames>
<ChartsRhythmGames>
<ChartID>28</ChartID>
<GameID>44</GameID>
</ChartsRhythmGames>
<ChartsRhythmGames>
<ChartID>28</ChartID>
<GameID>45</GameID>
</ChartsRhythmGames>
<ChartsRhythmGames>
<ChartID>28</ChartID>
<GameID>47</GameID>
</ChartsRhythmGames>
<ChartsRhythmGames>
<ChartID>28</ChartID>
<GameID>48</GameID>
</ChartsRhythmGames>
<ChartsRhythmGames>
<ChartID>28</ChartID>
<GameID>50</GameID>
</ChartsRhythmGames>
<ChartsRhythmGames>
<ChartID>28</ChartID>
<GameID>51</GameID>
</ChartsRhythmGames>
<ChartsRhythmGames>
<ChartID>28</ChartID>
<GameID>52</GameID>
</ChartsRhythmGames>
<ChartsRhythmGames>
<ChartID>28</ChartID>
<GameID>56</GameID>
</ChartsRhythmGames>
<ChartsRhythmGames>
<ChartID>28</ChartID>
<GameID>58</GameID>
</ChartsRhythmGames>
<ChartsRhythmGames>
<ChartID>28</ChartID>
<GameID>59</GameID>
</ChartsRhythmGames>
<ChartsRhythmGames>
<ChartID>28</ChartID>
<GameID>60</GameID>
</ChartsRhythmGames>
<ChartsRhythmGames>
<ChartID>28</ChartID>
<GameID>61</GameID>
</ChartsRhythmGames>
<ChartsRhythmGames>
<ChartID>28</ChartID>
<GameID>62</GameID>
</ChartsRhythmGames>
<ChartsRhythmGames>
<ChartID>28</ChartID>
<GameID>65</GameID>
</ChartsRhythmGames>
<ChartsRhythmGames>
<ChartID>28</ChartID>
<GameID>66</GameID>
</ChartsRhythmGames>
<ChartsRhythmGames>
<ChartID>28</ChartID>
<GameID>68</GameID>
</ChartsRhythmGames>
<ChartsRhythmGames>
<ChartID>28</ChartID>
<GameID>69</GameID>
</ChartsRhythmGames>
<ChartsRhythmGames>
<ChartID>28</ChartID>
<GameID>70</GameID>
</ChartsRhythmGames>
<ChartsRhythmGames>
<ChartID>28</ChartID>
<GameID>71</GameID>
</ChartsRhythmGames>
<ChartsRhythmGames>
<ChartID>28</ChartID>
<GameID>72</GameID>
</ChartsRhythmGames>
<ChartsRhythmGames>
<ChartID>28</ChartID>
<GameID>76</GameID>
</ChartsRhythmGames>
<ChartsRhythmGames>
<ChartID>28</ChartID>
<GameID>78</GameID>
</ChartsRhythmGames>
<ChartsRhythmGames>
<ChartID>28</ChartID>
<GameID>79</GameID>
</ChartsRhythmGames>
<ChartsRhythmGames>
<ChartID>28</ChartID>
<GameID>81</GameID>
</ChartsRhythmGames>
<ChartsRhythmGames>
<ChartID>28</ChartID>
<GameID>82</GameID>
</ChartsRhythmGames>
<ChartsRhythmGames>
<ChartID>28</ChartID>
<GameID>83</GameID>
</ChartsRhythmGames>
<ChartsRhythmGames>
<ChartID>28</ChartID>
<GameID>85</GameID>
</ChartsRhythmGames>
<ChartsRhythmGames>
<ChartID>28</ChartID>
<GameID>88</GameID>
</ChartsRhythmGames>
<ChartsRhythmGames>
<ChartID>28</ChartID>
<GameID>89</GameID>
</ChartsRhythmGames>
<ChartsRhythmGames>
<ChartID>29</ChartID>
<GameID>1</GameID>
</ChartsRhythmGames>
<ChartsRhythmGames>
<ChartID>29</ChartID>
<GameID>13</GameID>
</ChartsRhythmGames>
<ChartsRhythmGames>
<ChartID>29</ChartID>
<GameID>18</GameID>
</ChartsRhythmGames>
<ChartsRhythmGames>
<ChartID>29</ChartID>
<GameID>24</GameID>
</ChartsRhythmGames>
<ChartsRhythmGames>
<ChartID>29</ChartID>
<GameID>28</GameID>
</ChartsRhythmGames>
<ChartsRhythmGames>
<ChartID>29</ChartID>
<GameID>29</GameID>
</ChartsRhythmGames>
<ChartsRhythmGames>
<ChartID>29</ChartID>
<GameID>31</GameID>
</ChartsRhythmGames>
<ChartsRhythmGames>
<ChartID>29</ChartID>
<GameID>34</GameID>
</ChartsRhythmGames>
<ChartsRhythmGames>
<ChartID>29</ChartID>
<GameID>38</GameID>
</ChartsRhythmGames>
<ChartsRhythmGames>
<ChartID>29</ChartID>
<GameID>39</GameID>
</ChartsRhythmGames>
<ChartsRhythmGames>
<ChartID>29</ChartID>
<GameID>42</GameID>
</ChartsRhythmGames>
<ChartsRhythmGames>
<ChartID>29</ChartID>
<GameID>43</GameID>
</ChartsRhythmGames>
<ChartsRhythmGames>
<ChartID>29</ChartID>
<GameID>49</GameID>
</ChartsRhythmGames>
<ChartsRhythmGames>
<ChartID>29</ChartID>
<GameID>52</GameID>
</ChartsRhythmGames>
<ChartsRhythmGames>
<ChartID>29</ChartID>
<GameID>55</GameID>
</ChartsRhythmGames>
<ChartsRhythmGames>
<ChartID>29</ChartID>
<GameID>59</GameID>
</ChartsRhythmGames>
<ChartsRhythmGames>
<ChartID>29</ChartID>
<GameID>61</GameID>
</ChartsRhythmGames>
<ChartsRhythmGames>
<ChartID>29</ChartID>
<GameID>62</GameID>
</ChartsRhythmGames>
<ChartsRhythmGames>
<ChartID>29</ChartID>
<GameID>63</GameID>
</ChartsRhythmGames>
<ChartsRhythmGames>
<ChartID>29</ChartID>
<GameID>66</GameID>
</ChartsRhythmGames>
<ChartsRhythmGames>
<ChartID>29</ChartID>
<GameID>73</GameID>
</ChartsRhythmGames>
<ChartsRhythmGames>
<ChartID>29</ChartID>
<GameID>76</GameID>
</ChartsRhythmGames>
<ChartsRhythmGames>
<ChartID>29</ChartID>
<GameID>79</GameID>
</ChartsRhythmGames>
<ChartsRhythmGames>
<ChartID>29</ChartID>
<GameID>83</GameID>
</ChartsRhythmGames>
<ChartsRhythmGames>
<ChartID>29</ChartID>
<GameID>85</GameID>
</ChartsRhythmGames>
</dataroot>
