<?xml version="1.0" encoding="UTF-8"?>
<dataroot xmlns:od="urn:schemas-microsoft-com:officedata" xmlns:xsi="http://www.w3.org/2001/XMLSchema-instance"  xsi:noNamespaceSchemaLocation="Creators.xsd" generated="2022-12-19T11:11:20">
<Creators>
<CreatorID>1</CreatorID>
<CreatorName>CaravanPfan</CreatorName>
<Bio>I love Caravan Palace!</Bio>
<Honorific>Mr.</Honorific>
<Pronouns>he/him, she/her</Pronouns>
<Birthday>1012</Birthday>
</Creators>
<Creators>
<CreatorID>2</CreatorID>
<CreatorName>grayfruit</CreatorName>
<Bio>just a little gray seed pod that likes video games.</Bio>
<Honorific>Mr.</Honorific>
<Pronouns>he/him</Pronouns>
<Birthday>0630</Birthday>
</Creators>
<Creators>
<CreatorID>3</CreatorID>
<CreatorName>EpicHaxGuy</CreatorName>
<Bio>Lockstep addict.</Bio>
<Honorific>Mr.</Honorific>
<Birthday>0511</Birthday>
</Creators>
<Creators>
<CreatorID>4</CreatorID>
<CreatorName>AngryTapper</CreatorName>
<Bio>I make Rhythm Heaven videos. Check them out!</Bio>
<Honorific>Mx.</Honorific>
<Birthday>0402</Birthday>
</Creators>
<Creators>
<CreatorID>5</CreatorID>
<CreatorName>Lvl100Feraligatr</CreatorName>
<Honorific>Mx.</Honorific>
<Birthday>0722</Birthday>
</Creators>
<Creators>
<CreatorID>6</CreatorID>
<CreatorName>AnimeFan2000</CreatorName>
<Bio>:)</Bio>
<Honorific>Mrs.</Honorific>
<Pronouns>She</Pronouns>
<Birthday>0112</Birthday>
</Creators>
<Creators>
<CreatorID>7</CreatorID>
<CreatorName>Bob</CreatorName>
<Bio>hello im bob. I like cartoons</Bio>
<Honorific>Ms.</Honorific>
<Pronouns>ey/em</Pronouns>
<Birthday>0311</Birthday>
</Creators>
<Creators>
<CreatorID>8</CreatorID>
<CreatorName>MegurineLuka#1fan</CreatorName>
<Bio>(^・ω・^ )</Bio>
<Honorific>Ms.</Honorific>
<Pronouns>she/her</Pronouns>
<Birthday>0909</Birthday>
</Creators>
<Creators>
<CreatorID>9</CreatorID>
<CreatorName>Bike</CreatorName>
<Bio>hfjdksfWNC NWNP</Bio>
<Honorific>Mrs.</Honorific>
<Pronouns>he/him</Pronouns>
<Birthday>1212</Birthday>
</Creators>
<Creators>
<CreatorID>10</CreatorID>
<CreatorName>Nougat</CreatorName>
<Bio>sweet!</Bio>
<Honorific>Mx.</Honorific>
<Pronouns>xe</Pronouns>
<Birthday>0202</Birthday>
</Creators>
<Creators>
<CreatorID>11</CreatorID>
<CreatorName>ドラにし,</CreatorName>
<Bio>🌚</Bio>
<Honorific>Mx.</Honorific>
<Birthday>0105</Birthday>
</Creators>
</dataroot>
