<?xml version="1.0" encoding="UTF-8"?>
<dataroot xmlns:od="urn:schemas-microsoft-com:officedata" xmlns:xsi="http://www.w3.org/2001/XMLSchema-instance"  xsi:noNamespaceSchemaLocation="RhythmGames.xsd" generated="2022-12-19T11:11:32">
<RhythmGames>
<GameID>1</GameID>
<GameName>Karate Man</GameName>
<Console>GBA</Console>
<Category>Call and Response</Category>
<CueNum>5</CueNum>
<Custom>0</Custom>
</RhythmGames>
<RhythmGames>
<GameID>2</GameID>
<GameName>Rhythm Tweezers</GameName>
<Console>GBA</Console>
<Category>Simon Says</Category>
<CueNum>1</CueNum>
<Custom>0</Custom>
</RhythmGames>
<RhythmGames>
<GameID>3</GameID>
<GameName>Marching Orders</GameName>
<Console>GBA</Console>
<Category>Metronome</Category>
<CueNum>4</CueNum>
<Custom>0</Custom>
</RhythmGames>
<RhythmGames>
<GameID>4</GameID>
<GameName>Spaceball</GameName>
<Console>GBA</Console>
<Category>Metronome</Category>
<CueNum>2</CueNum>
<Custom>0</Custom>
</RhythmGames>
<RhythmGames>
<GameID>5</GameID>
<GameName>The Clappy Trio</GameName>
<Console>GBA</Console>
<Category>Third Person</Category>
<CueNum>1</CueNum>
<Custom>0</Custom>
</RhythmGames>
<RhythmGames>
<GameID>6</GameID>
<GameName>Sneaky Spirits</GameName>
<Console>GBA</Console>
<Category>Call and Response</Category>
<CueNum>1</CueNum>
<Custom>0</Custom>
</RhythmGames>
<RhythmGames>
<GameID>7</GameID>
<GameName>Samurai Slice</GameName>
<Console>GBA</Console>
<Category>Call and Response</Category>
<CueNum>1</CueNum>
<Custom>0</Custom>
</RhythmGames>
<RhythmGames>
<GameID>8</GameID>
<GameName>Rat Race</GameName>
<Console>GBA</Console>
<Category>Call and Response</Category>
<CueNum>2</CueNum>
<Custom>0</Custom>
</RhythmGames>
<RhythmGames>
<GameID>9</GameID>
<GameName>Sick Beats</GameName>
<Console>GBA</Console>
<Category>Call and Response</Category>
<CueNum>1</CueNum>
<Custom>0</Custom>
</RhythmGames>
<RhythmGames>
<GameID>10</GameID>
<GameName>The☆Bon-Odori</GameName>
<Console>GBA</Console>
<Category>Call and Response</Category>
<CueNum>3</CueNum>
<Custom>0</Custom>
</RhythmGames>
<RhythmGames>
<GameID>11</GameID>
<GameName>Wizard&apos;s Waltz</GameName>
<Console>GBA</Console>
<Category>Simon Says</Category>
<CueNum>1</CueNum>
<Custom>0</Custom>
</RhythmGames>
<RhythmGames>
<GameID>12</GameID>
<GameName>Showtime</GameName>
<Console>GBA</Console>
<Category>Call and Response</Category>
<CueNum>4</CueNum>
<Custom>0</Custom>
</RhythmGames>
<RhythmGames>
<GameID>13</GameID>
<GameName>Bunny Hop</GameName>
<Console>GBA</Console>
<Category>Metronome</Category>
<CueNum>4</CueNum>
<Custom>0</Custom>
</RhythmGames>
<RhythmGames>
<GameID>14</GameID>
<GameName>Tram and Pauline</GameName>
<Console>GBA</Console>
<Category>Call and Response</Category>
<CueNum>2</CueNum>
<Custom>0</Custom>
</RhythmGames>
<RhythmGames>
<GameID>15</GameID>
<GameName>Space Dance</GameName>
<Console>GBA</Console>
<Category>Call and Response</Category>
<CueNum>3</CueNum>
<Custom>0</Custom>
</RhythmGames>
<RhythmGames>
<GameID>16</GameID>
<GameName>Quiz Show</GameName>
<Console>GBA</Console>
<Category>Simon Says</Category>
<CueNum>1</CueNum>
<Custom>0</Custom>
</RhythmGames>
<RhythmGames>
<GameID>17</GameID>
<GameName>Night Walk</GameName>
<Console>GBA</Console>
<Category>Metronome</Category>
<CueNum>2</CueNum>
<Custom>0</Custom>
</RhythmGames>
<RhythmGames>
<GameID>18</GameID>
<GameName>Power Calligraphy</GameName>
<Console>GBA</Console>
<Category>Call and Response</Category>
<CueNum>3</CueNum>
<Custom>0</Custom>
</RhythmGames>
<RhythmGames>
<GameID>19</GameID>
<GameName>Polyrhythm</GameName>
<Console>GBA</Console>
<Category>Simon Says</Category>
<CueNum>2</CueNum>
<Custom>0</Custom>
</RhythmGames>
<RhythmGames>
<GameID>20</GameID>
<GameName>Rap Men</GameName>
<Console>GBA</Console>
<Category>Call and Response</Category>
<CueNum>3</CueNum>
<Custom>0</Custom>
</RhythmGames>
<RhythmGames>
<GameID>21</GameID>
<GameName>Bouncy Road</GameName>
<Console>GBA</Console>
<Category>Call and Response</Category>
<CueNum>1</CueNum>
<Custom>0</Custom>
</RhythmGames>
<RhythmGames>
<GameID>22</GameID>
<GameName>Ninja Bodyguard</GameName>
<Console>GBA</Console>
<Category>Simon Says</Category>
<CueNum>1</CueNum>
<Custom>0</Custom>
</RhythmGames>
<RhythmGames>
<GameID>23</GameID>
<GameName>Toss Boys</GameName>
<Console>GBA</Console>
<Category>Call and Response</Category>
<CueNum>5</CueNum>
<Custom>0</Custom>
</RhythmGames>
<RhythmGames>
<GameID>24</GameID>
<GameName>Fireworks</GameName>
<Console>GBA</Console>
<Category>Call and Response</Category>
<CueNum>3</CueNum>
<Custom>0</Custom>
</RhythmGames>
<RhythmGames>
<GameID>25</GameID>
<GameName>Tap Trial</GameName>
<Console>GBA</Console>
<Category>Call and Response</Category>
<CueNum>4</CueNum>
<Custom>0</Custom>
</RhythmGames>
<RhythmGames>
<GameID>26</GameID>
<GameName>Built to Scale</GameName>
<Console>DS</Console>
<Category>Call and Response</Category>
<CueNum>1</CueNum>
<Custom>0</Custom>
</RhythmGames>
<RhythmGames>
<GameID>27</GameID>
<GameName>Glee Club</GameName>
<Console>DS</Console>
<Category>Third Person</Category>
<CueNum>3</CueNum>
<Custom>0</Custom>
</RhythmGames>
<RhythmGames>
<GameID>28</GameID>
<GameName>Fillbots</GameName>
<Console>DS</Console>
<Category>Call and Response</Category>
<CueNum>3</CueNum>
<Custom>0</Custom>
</RhythmGames>
<RhythmGames>
<GameID>29</GameID>
<GameName>Fan Club</GameName>
<Console>DS</Console>
<Category>Call and Response</Category>
<CueNum>3</CueNum>
<Custom>0</Custom>
</RhythmGames>
<RhythmGames>
<GameID>30</GameID>
<GameName>Rhythm Rally</GameName>
<Console>DS</Console>
<Category>Metronome</Category>
<CueNum>4</CueNum>
<Custom>0</Custom>
</RhythmGames>
<RhythmGames>
<GameID>31</GameID>
<GameName>Shoot-&apos;em-up</GameName>
<Console>DS</Console>
<Category>Simon Says</Category>
<CueNum>1</CueNum>
<Custom>0</Custom>
</RhythmGames>
<RhythmGames>
<GameID>32</GameID>
<GameName>Blue Birds</GameName>
<Console>DS</Console>
<Category>Call and Response</Category>
<CueNum>2</CueNum>
<Custom>0</Custom>
</RhythmGames>
<RhythmGames>
<GameID>33</GameID>
<GameName>Moai Doo-Wop</GameName>
<Console>DS</Console>
<Category>Simon Says</Category>
<CueNum>2</CueNum>
<Custom>0</Custom>
</RhythmGames>
<RhythmGames>
<GameID>34</GameID>
<GameName>Love Lizards</GameName>
<Console>DS</Console>
<Category>Call and Response</Category>
<CueNum>1</CueNum>
<Custom>0</Custom>
</RhythmGames>
<RhythmGames>
<GameID>35</GameID>
<GameName>Crop Stomp</GameName>
<Console>DS</Console>
<Category>Call and Response</Category>
<CueNum>2</CueNum>
<Custom>0</Custom>
</RhythmGames>
<RhythmGames>
<GameID>36</GameID>
<GameName>Freeze Frame</GameName>
<Console>DS</Console>
<Category>Simon Says</Category>
<CueNum>2</CueNum>
<Custom>0</Custom>
</RhythmGames>
<RhythmGames>
<GameID>37</GameID>
<GameName>The Dazzles</GameName>
<Console>DS</Console>
<Category>Third Person</Category>
<CueNum>2</CueNum>
<Custom>0</Custom>
</RhythmGames>
<RhythmGames>
<GameID>38</GameID>
<GameName>Munchy Monk</GameName>
<Console>DS</Console>
<Category>Metronome</Category>
<CueNum>3</CueNum>
<Custom>0</Custom>
</RhythmGames>
<RhythmGames>
<GameID>39</GameID>
<GameName>DJ School</GameName>
<Console>DS</Console>
<Category>Call and Response</Category>
<CueNum>2</CueNum>
<Custom>0</Custom>
</RhythmGames>
<RhythmGames>
<GameID>40</GameID>
<GameName>Drummer Duel</GameName>
<Console>DS</Console>
<Category>Simon Says</Category>
<CueNum>1</CueNum>
<Custom>0</Custom>
</RhythmGames>
<RhythmGames>
<GameID>41</GameID>
<GameName>Love Lab</GameName>
<Console>DS</Console>
<Category>Simon Says</Category>
<CueNum>3</CueNum>
<Custom>0</Custom>
</RhythmGames>
<RhythmGames>
<GameID>42</GameID>
<GameName>Splashdown</GameName>
<Console>DS</Console>
<Category>Third Person</Category>
<CueNum>3</CueNum>
<Custom>0</Custom>
</RhythmGames>
<RhythmGames>
<GameID>43</GameID>
<GameName>Big Rock Finish</GameName>
<Console>DS</Console>
<Category>Call and Response</Category>
<CueNum>1</CueNum>
<Custom>0</Custom>
</RhythmGames>
<RhythmGames>
<GameID>44</GameID>
<GameName>Dog Ninja</GameName>
<Console>DS</Console>
<Category>Call and Response</Category>
<CueNum>1</CueNum>
<Custom>0</Custom>
</RhythmGames>
<RhythmGames>
<GameID>45</GameID>
<GameName>Frog Hop</GameName>
<Console>DS</Console>
<Category>Metronome</Category>
<CueNum>4</CueNum>
<Custom>0</Custom>
</RhythmGames>
<RhythmGames>
<GameID>46</GameID>
<GameName>Space Soccer</GameName>
<Console>DS</Console>
<Category>Metronome</Category>
<CueNum>2</CueNum>
<Custom>0</Custom>
</RhythmGames>
<RhythmGames>
<GameID>47</GameID>
<GameName>Lockstep</GameName>
<Console>DS</Console>
<Category>Metronome</Category>
<CueNum>2</CueNum>
<Custom>0</Custom>
</RhythmGames>
<RhythmGames>
<GameID>48</GameID>
<GameName>Rockers</GameName>
<Console>DS</Console>
<Category>Simon Says</Category>
<CueNum>5</CueNum>
<Custom>0</Custom>
</RhythmGames>
<RhythmGames>
<GameID>49</GameID>
<GameName>Airboarder</GameName>
<Console>DS</Console>
<Category>Third Person</Category>
<CueNum>2</CueNum>
<Custom>0</Custom>
</RhythmGames>
<RhythmGames>
<GameID>50</GameID>
<GameName>Hole in One</GameName>
<Console>Wii</Console>
<Category>Call and Response</Category>
<CueNum>2</CueNum>
<Custom>0</Custom>
</RhythmGames>
<RhythmGames>
<GameID>51</GameID>
<GameName>Screwbot Factory</GameName>
<Console>Wii</Console>
<Category>Call and Response</Category>
<CueNum>2</CueNum>
<Custom>0</Custom>
</RhythmGames>
<RhythmGames>
<GameID>52</GameID>
<GameName>See-Saw</GameName>
<Console>Wii</Console>
<Category>Call and Response</Category>
<CueNum>2</CueNum>
<Custom>0</Custom>
</RhythmGames>
<RhythmGames>
<GameID>53</GameID>
<GameName>Double Date</GameName>
<Console>Wii</Console>
<Category>Call and Response</Category>
<CueNum>3</CueNum>
<Custom>0</Custom>
</RhythmGames>
<RhythmGames>
<GameID>54</GameID>
<GameName>Fork Lifter</GameName>
<Console>Wii</Console>
<Category>Call and Response</Category>
<CueNum>1</CueNum>
<Custom>0</Custom>
</RhythmGames>
<RhythmGames>
<GameID>55</GameID>
<GameName>Tambourine</GameName>
<Console>Wii</Console>
<Category>Simon Says</Category>
<CueNum>2</CueNum>
<Custom>0</Custom>
</RhythmGames>
<RhythmGames>
<GameID>56</GameID>
<GameName>Board Meeting</GameName>
<Console>Wii</Console>
<Category>Third Person</Category>
<CueNum>2</CueNum>
<Custom>0</Custom>
</RhythmGames>
<RhythmGames>
<GameID>57</GameID>
<GameName>Monkey Watch</GameName>
<Console>Wii</Console>
<Category>Metronome</Category>
<CueNum>2</CueNum>
<Custom>0</Custom>
</RhythmGames>
<RhythmGames>
<GameID>58</GameID>
<GameName>Working Dough</GameName>
<Console>Wii</Console>
<Category>Simon Says</Category>
<CueNum>2</CueNum>
<Custom>0</Custom>
</RhythmGames>
<RhythmGames>
<GameID>59</GameID>
<GameName>Built to Scale</GameName>
<Console>Wii</Console>
<Category>Third Person</Category>
<CueNum>2</CueNum>
<Custom>0</Custom>
</RhythmGames>
<RhythmGames>
<GameID>60</GameID>
<GameName>Air Rally</GameName>
<Console>Wii</Console>
<Category>Metronome</Category>
<CueNum>2</CueNum>
<Custom>0</Custom>
</RhythmGames>
<RhythmGames>
<GameID>61</GameID>
<GameName>Figure Fighter</GameName>
<Console>Wii</Console>
<Category>Call and Response</Category>
<CueNum>4</CueNum>
<Custom>0</Custom>
</RhythmGames>
<RhythmGames>
<GameID>62</GameID>
<GameName>Ringside</GameName>
<Console>Wii</Console>
<Category>Call and Response</Category>
<CueNum>3</CueNum>
<Custom>0</Custom>
</RhythmGames>
<RhythmGames>
<GameID>63</GameID>
<GameName>Packing Pests</GameName>
<Console>Wii</Console>
<Category>Metronome</Category>
<CueNum>3</CueNum>
<Custom>0</Custom>
</RhythmGames>
<RhythmGames>
<GameID>64</GameID>
<GameName>Micro-Row</GameName>
<Console>Wii</Console>
<Category>Metronome</Category>
<CueNum>3</CueNum>
<Custom>0</Custom>
</RhythmGames>
<RhythmGames>
<GameID>65</GameID>
<GameName>Samurai Slice</GameName>
<Console>Wii</Console>
<Category>Call and Response</Category>
<CueNum>2</CueNum>
<Custom>0</Custom>
</RhythmGames>
<RhythmGames>
<GameID>66</GameID>
<GameName>Catch of the Day</GameName>
<Console>Wii</Console>
<Category>Call and Response</Category>
<CueNum>3</CueNum>
<Custom>0</Custom>
</RhythmGames>
<RhythmGames>
<GameID>67</GameID>
<GameName>Flipper-Flop</GameName>
<Console>Wii</Console>
<Category>Metronome</Category>
<CueNum>3</CueNum>
<Custom>0</Custom>
</RhythmGames>
<RhythmGames>
<GameID>68</GameID>
<GameName>Exhibition Match</GameName>
<Console>Wii</Console>
<Category>Call and Response</Category>
<CueNum>1</CueNum>
<Custom>0</Custom>
</RhythmGames>
<RhythmGames>
<GameID>69</GameID>
<GameName>Flock Step</GameName>
<Console>Wii</Console>
<Category>Metronome</Category>
<CueNum>2</CueNum>
<Custom>0</Custom>
</RhythmGames>
<RhythmGames>
<GameID>70</GameID>
<GameName>Launch Party</GameName>
<Console>Wii</Console>
<Category>Call and Response</Category>
<CueNum>4</CueNum>
<Custom>0</Custom>
</RhythmGames>
<RhythmGames>
<GameID>71</GameID>
<GameName>Donk-Donk</GameName>
<Console>Wii</Console>
<Category>Metronome</Category>
<CueNum>2</CueNum>
<Custom>0</Custom>
</RhythmGames>
<RhythmGames>
<GameID>72</GameID>
<GameName>Bossa Nova</GameName>
<Console>Wii</Console>
<Category>Metronome</Category>
<CueNum>2</CueNum>
<Custom>0</Custom>
</RhythmGames>
<RhythmGames>
<GameID>73</GameID>
<GameName>Love Rap</GameName>
<Console>Wii</Console>
<Category>Call and Response</Category>
<CueNum>4</CueNum>
<Custom>0</Custom>
</RhythmGames>
<RhythmGames>
<GameID>74</GameID>
<GameName>Tap Troupe</GameName>
<Console>Wii</Console>
<Category>Metronome</Category>
<CueNum>2</CueNum>
<Custom>0</Custom>
</RhythmGames>
<RhythmGames>
<GameID>75</GameID>
<GameName>Shrimp Shuffle</GameName>
<Console>Wii</Console>
<Category>Metronome</Category>
<CueNum>3</CueNum>
<Custom>0</Custom>
</RhythmGames>
<RhythmGames>
<GameID>76</GameID>
<GameName>Cheer Readers</GameName>
<Console>Wii</Console>
<Category>Call and Response</Category>
<CueNum>5</CueNum>
<Custom>0</Custom>
</RhythmGames>
<RhythmGames>
<GameID>77</GameID>
<GameName>Night Walk</GameName>
<Console>Wii</Console>
<Category>Metronome</Category>
<CueNum>2</CueNum>
<Custom>0</Custom>
</RhythmGames>
<RhythmGames>
<GameID>78</GameID>
<GameName>Catchy Tune</GameName>
<Console>3DS</Console>
<Category>Call and Response</Category>
<CueNum>2</CueNum>
<Custom>0</Custom>
</RhythmGames>
<RhythmGames>
<GameID>79</GameID>
<GameName>Fruit Basket</GameName>
<Console>3DS</Console>
<Category>Call and Response</Category>
<CueNum>3</CueNum>
<Custom>0</Custom>
</RhythmGames>
<RhythmGames>
<GameID>80</GameID>
<GameName>First Contact</GameName>
<Console>3DS</Console>
<Category>Simon Says</Category>
<CueNum>1</CueNum>
<Custom>0</Custom>
</RhythmGames>
<RhythmGames>
<GameID>81</GameID>
<GameName>Tongue Lashing</GameName>
<Console>3DS</Console>
<Category>Call and Response</Category>
<CueNum>2</CueNum>
<Custom>0</Custom>
</RhythmGames>
<RhythmGames>
<GameID>82</GameID>
<GameName>LumBEARjack</GameName>
<Console>3DS</Console>
<Category>Call and Response</Category>
<CueNum>3</CueNum>
<Custom>0</Custom>
</RhythmGames>
<RhythmGames>
<GameID>83</GameID>
<GameName>Super Samurai Slice</GameName>
<Console>3DS</Console>
<Category>Call and Response</Category>
<CueNum>2</CueNum>
<Custom>0</Custom>
</RhythmGames>
<RhythmGames>
<GameID>84</GameID>
<GameName>Sumo Brothers</GameName>
<Console>3DS</Console>
<Category>Metronome</Category>
<CueNum>3</CueNum>
<Custom>0</Custom>
</RhythmGames>
<RhythmGames>
<GameID>85</GameID>
<GameName>Animal Acrobat</GameName>
<Console>3DS</Console>
<Category>Call and Response</Category>
<CueNum>4</CueNum>
<Custom>0</Custom>
</RhythmGames>
<RhythmGames>
<GameID>86</GameID>
<GameName>Tangotronic 3000</GameName>
<Console>3DS</Console>
<Category>Call and Response</Category>
<CueNum>3</CueNum>
<Custom>0</Custom>
</RhythmGames>
<RhythmGames>
<GameID>87</GameID>
<GameName>Pajama Party</GameName>
<Console>3DS</Console>
<Category>Call and Response</Category>
<CueNum>4</CueNum>
<Custom>0</Custom>
</RhythmGames>
<RhythmGames>
<GameID>88</GameID>
<GameName>Blue Bear</GameName>
<Console>3DS</Console>
<Category>Call and Response</Category>
<CueNum>2</CueNum>
<Custom>0</Custom>
</RhythmGames>
<RhythmGames>
<GameID>89</GameID>
<GameName>Kitties!</GameName>
<Console>3DS</Console>
<Category>Call and Response</Category>
<CueNum>3</CueNum>
<Custom>0</Custom>
</RhythmGames>
<RhythmGames>
<GameID>90</GameID>
<GameName>Finned Frontier</GameName>
<Console>3DS</Console>
<Category>Metronome</Category>
<CueNum>2</CueNum>
<Custom>1</Custom>
</RhythmGames>
<RhythmGames>
<GameID>91</GameID>
<GameName>Rhythm Soumen</GameName>
<Console>Wii</Console>
<Category>Call and Response</Category>
<CueNum>2</CueNum>
<Custom>1</Custom>
</RhythmGames>
</dataroot>
